{
    "BS_6472_accelaration_Z": {
        "frequency": [1, 1.25, 1.60, 2.00, 2.50, 3.15, 4.00, 5.00, 6.30, 8.00, 10.00, 12.50, 16.00, 20.00, 25.00, 31.50, 40.00, 50.00, 63.00, 80.00],
        "accelerations": [0.01, 0.00894, 0.00791, 0.00707, 0.00632, 0.00563, 0.005, 0.005, 0.005, 0.005, 0.00625, 0.00781, 0.01, 0.0125, 0.0156, 0.0197, 0.025, 0.0313, 0.0394, 0.05]
    },
    "BS_6472_accelaration_Y": {
        "frequency": [1, 1.25, 1.60, 2.00, 2.50, 3.15, 4.00, 5.00, 6.30, 8.00, 10.00, 12.50, 16.00, 20.00, 25.00, 31.50, 40.00, 50.00, 63.00, 80.00],
        "accelerations": [0.00357, 0.00357, 0.00357, 0.00357, 0.00446, 0.00563, 0.00714, 0.00893, 0.0113, 0.0143, 0.0179, 0.0223, 0.0286, 0.0357, 0.0446, 0.0563, 0.0714, 0.0893, 0.113, 0.143]
    }
}
